HANZI,PINYIN,DEF1,TIPO1,DEF2,TIPO2,LECCION,NUM,
阿姨,ĀYÍ,tía (hermana de la madre),NOM,,,,,
啊,À,"ah, oh",INT,,,7,6,
矮,ǍI,bajo (de estatura),ADJ,,,,,
爱,ÀI,amar,VER,amor,NOM,20,8,
爱好,ÀIHÀO,"gustar, tener algo como hobby",VER,hobby,NOM,19,14,
安静,ĀNJÌNG,"tranquilo, calmado, silencioso",ADJ,tranquilizarse,VER,,,
八,BĀ,ocho,NUM,,,,,
把,BǍ,(indicar que la acción tiene efecto sobre el objeto),PRE,,,16,1,
爸爸,BÀBA,padre,NOM,,,2,2,
吧,BA,(partícula modal),PM,,,12,16,
白,BÁI,"blanco, claro, puro",ADJ,,,17,21,
百,BǍI,cien,NUM,,,8,27,
班,BĀN,"clase, equipo",NOM,,,,,
搬,BĀN,moverse,VER,,,,,
半,BÀN,"mitad, media",CLA,,,11,27,
办法,BĀNFǍ,"manera, método",NOM,,,,,
办公室,BÀNGŌNGSHÌ,oficina,NOM,,,16,6,
帮忙,BĀNGMÁNG,ayudar,V+O,,,23,54,
帮助,BĀNGZHÙ,ayudar,VER,ayuda,NOM,13,29,
包,BĀO,envolver,VER,"paquete, bolsa",NOM,18,4,
饱,BǍO,lleno (de comida),ADJ,,,,,
报纸,BÀOZHǏ,"diario, periódico",NOM,,,10,9,
杯子,BĒIZI,"taza, vidrio",NOM,,,,,
北方,BĚIFĀNG,"Norte, parte Norte de un país",NOM,,,,,
北京,BĚIJĪNG,Beijing,NP,,,9,34,
被,BÈI,cubrir (con),VER,,,,,
本,BĚN,"clas. para libros, archivos, etc.",CLA,,,,,
鼻子,BÍZI,nariz,NOM,,,,,
比,BǏ,que (indica comparación),PRE,,,17,2,
比较,BǏJIÀO,comparar,VER,,,,,
比赛,BǏSÀI,"partido, competición",NOM,"jugar un partido, competir",VER,21,12,
笔记本,BǏJÌBĚN,,,,,,,
必须,BÌXŪ,"deber, tener que",VER,,,,,
变化,BIÀNHUÀ,cambio,NOM,cambiar,VER,24,11,
别,BIÉ,no,ADV,,,18,22,
别人,BIÉREN,otras (personas),NOM,,,,,
宾馆,BĪNGUǍN,hotel,NOM,,,,,
冰箱,BĪNGXIĀNG,"heladera, freezer",NOM,,,,,
不客气,BÚKÈQI,"de nada, no hay de qué",FH,,,,,
不,BÙ,no,ADV,,,2,7,
不但……而且……,BÚDÀN…ÉRQIĚ,"no solo… sino que también, y también",CON,,,24,12,
菜,CÀI,"comida, plato / verdura",NOM,,,24,6,
菜单,CÀIDĀN,menú,NOM,,,23sup,5,
参加,CĀNJIĀ,"participar, asistir, integrarse",VER,,,9,22,
草,CǍO,pasto,NOM,,,,,
层,CÉNG,"piso, planta",CLA,,,5,15,
茶,CHÁ,té,NOM,,,,,
差,CHÀ,"que no es estándar, pobre, malo",ADJ,,,17,13,
长（形容词）,CHÁNG,largo,ADJ,largo,NOM,16,28,
唱歌,CHÀNGGĒ,cantar (una canción),VER,,,19,15,
超市,CHĀOSHÌ,supermercado,NOM,,,,,
衬衫,CHÈNSHĀN,camisa,NOM,,,17,27,
成绩,CHÉNGJÌ,"resultado, logro",NOM,,,,,
城市,CHÉNGSHÌ,"ciudad, pueblo",NOM,,,24,33,
吃,CHĪ,comer,VER,,,9,24,
迟到,CHÍDÀO,llegar tarde,VER,,,,,
出,CHŪ,salir,VER,fuera,ADV,9,15,
出租车,CHŪZŪCHĒ,taxi,NOM,,,20,35,
除了,CHÚLE,"excepto, además de, aparte de",PRE,,,,,
穿,CHUĀN,"vestir, llevar puesto",VER,,,12,20,
船,CHUÁN,"bote, barco",NOM,,,,,
春,CHŪN,primavera,NOM,,,20,52,
词典,CÍDIǍN,,,,,,,
次,CÌ,clas. de acciones,CLA,,,15,17,
聪明,CŌNGMING,"inteligente, brillante",ADJ,,,,,
从,CÓNG,desde,PRE,,,15,14,
错,CUÒ,incorrecto,ADJ,,,14,25,
打电话,DǍDIÀNHUÀ,llamar por teléfono,V+O,,,13,26,
打篮球,DǍLÁNQIÚ,jugar al basketball,VER,,,,,
打扫,DǍSǍO,"limpiar, barrer",VER,,,14,7,
打算,DǍSUAN,"plan, consideración",NOM,planificar,VER,23,7,
大,DÀ,"grande, voluminoso",ADJ,,,8,21,
大家,DÀJIĀ,"todos, todo el mundo",PRO,,,18,38,
带,DÀI,traer / llevar / cargar,VER,,,16,16,
担心,DĀNXĪN,"preocuparse, estar ansioso",VER,,,,,
蛋糕,DÀNGĀO,pastel / torta,NOM,,,9,25,
当然,DĀNGRÁN,"obvio, como debe ser, naturalmente",ADJ,,,8,13,
到,DÀO,"llegar, alcanzar",VER,hasta,PRE,11,11,
地（助词）,DE,partícula (después de una frase adverbial),PT,,,,,
的,DE,"partícula que indica la posesión, o que está entre un sustantivo y su modificador",PT,,,4,17,
得（助词）,DE,"partícula (después de un verbo indica efecto, grado, etc.)",PT,,,13,4,
灯,DĒNG,"lampara, luz",NOM,,,,,
等（动词）,DĚNG,esperar,VER,,,13,36,
弟弟,DÌDI,hermano menor,NOM,,,2,13,
地方,DÌFANG,"lugar, región, área",NOM,,,22,42,
地铁,DÌTIĚ,metro,NOM,,,18,45,
地图,DÌTÚ,mapa,NOM,,,24,16,
第一,DÌYĪ,"primero, primario",ADJ,,,,,
点,DIǍN,en punto,NOM,,,,,
电脑,DIÀNNǍO,computadora,NOM,,,16,44,
电视,DIÀNSHÌ,televisión,NOM,,,,,
电梯,DIÀNTĪ,ascensor,NOM,,,19,22,
电影,DIÀNYǏNG,película,NOM,,,13,11,
电子邮件,DIÀNZǏYÓUJIÀN,email,NOM,,,,,
东,DŌNG,este,NOM,,,,,
东西,DŌNGXI,"cosas, objetos",NOM,,,11,24,
冬,DŌNG,invierno,NOM,,,,,
懂,DǑNG,"entender, saber",VER,,,15,40,
动物,DÒNGWÙ,animal,NOM,,,,,
都,DŌU,"ambos, todos",ADV,,,2,6,
读,DÚ,"leer, leer en voz alta, ir a la escuela",VER,,,,,
短,DUǍN,corto,ADJ,,,17,36,
段,DUÀN,"párrafo, pasaje, sección, parte",NOM,,,,,
锻炼,DUÀNLIÀN,hacer ejercicio físico,VER,,,12,6,
对（形容词）,DUÌ,correcto,ADJ,,,14,24,
对（介词）,DUÌ,"acerca de, relativo a",PRE,,,,,
对不起,DUÌBUQǏ,"lo siento, disculpe, perdone",FH,,,5,8,
多,DUŌ,"muchos, mucho, más",ADJ,,,8,23,
多么,DUŌME,"cómo, qué, cuánto",ADV,,,,,
多少,DUŌSHǍO,"cuánto, cuántos",PI,,,8,22,
饿,È,hambriento,ADJ,dar hambre,VER,23sup,7,
儿子,ÉRZI,hijo,NOM,,,9,43,
耳朵,ĚRDUO,oreja,NOM,,,,,
二,ÈR,dos,NUM,,,5,14,
发,FĀ,,,,,,,
发烧,FĀSHĀO,tener fiebre,V+O,,,12,27,
发现,FĀXIÀN,"descubrir, encontrar, identificar",VER,,,,,
饭店,FÀNGDIÀN,,,,,,,
方便,FĀNGBIÀN,"conveniente, apropiado, útil",ADJ,hacer las cosas convenientes para alguien,VER,24,35,
房间,FÁNGJIĀN,habitación,NOM,,,,,
放,FÀNG,"dejar ir, liberar, soltar",VER,,,,,
放心,FÀNGXĪN,"tranquilizarse, relajarse",V+O,,,18,46,
非常,FĒICHÁNG,extremadamente,ADV,,,15,16,
飞机,FĒIJĪ,avión,NOM,,,23,11,
分,FĒN,clas. de unidades de moneda china (oral y escrito),CLA,minuto,CLA,10,23,
分钟,FĒNZHŌNG,minuto,CLA,,,,,
服务员,FÚWÙYUÁN,"mozo, moza",NOM,,,,,
附近,FÙJÌN,"cercano, próximo",ADJ,,,,,
复习,FÙXÍ,"repasar, revisar",VER,,,14,30,
干净,GĀNJÌNG,"limpio, ordenado",ADJ,,,14,11,
感冒,GǍNMÀO,tener resfriado,VER,resfrío,NOM,12,29,
感兴趣,GǍNXÌNGQÙ,,,,,,,
刚才,GĀNGCÁI,"recién, hace un momento",ADV,,,14,2,
高,GĀO,"alto, elevado",ADJ,,,4,3,
高兴,GĀOXÌNG,"contento, encantado, feliz",ADJ,"estar contento, encantado, feliz",VER,4,2,
告诉,GÀOSU,"decir, contar",VER,,,13,5,
哥哥,GĒGE,hermano mayor,NOM,,,2,10,
个,GÈ,clas. de uso general,CLA,,,8,5,
个子,GÈZI,,,,,,,
给,GĚI,dar,VER,"a, para",PRE,10,25,
跟,GĒN,con,PRE,seguir,VER,10,4,
根据,GĒNJÙ,"de acuerdo a, dado que, en línea con",PRE,"base, fundación",NOM,,,
更,GÈNG,"más, todavía más, incluso más",ADV,,,,,
公共汽车,GŌNGGÒNGQÌCHĒ,autobús público,NOM,,,18,28,
公斤,GŌNGJĪN,kilogramo,CLAS,,,,,
公司,GŌNGSĪ,empresa,NOM,,,13,22,
公园,GŌNGYUÁN,parque,NOM,,,17,23,
工作,GŌNGZUÒ,trabajo,NOM,trabajar,VER,8,20,
狗,GǑU,perro,NOM,,,8,12,
故事,GÙSHI,"historia, cuento, trama",NOM,,,22,16,
刮风,GUĀFĒNG,ventoso,ADJ,,,,,
关,GUĀN,"cerrar, apagar / involucrar",VER,,,,,
关系,GUĀNXÌ,"conexiones, relaciones, relación",NOM,estar relacionado,VER,,,
关心,GUĀNXĪN,"precuparse por, sentir afecto por, interesarse en",VER,,,,,
关于,GUĀNYÚ,"sobre, respecto a, acerca de",PRE,,,,,
贵,GUÌ,"caro, apreciado, valioso",ADJ,,,10,22,
国家,GUÓJIĀ,"país, nación, estado",NOM,,,21,4,
过去,GUÒQÙ,"pasar (el tiempo, pasar por)",VER,pasado,NOM,17,26,
过（助词） ,GUO,(indica una experiencia pasada),PTV,,,22,1,
过（动词）,GUÒ,"cruzar, pasar / celebrar (cumpleaños, festividad)",VER,,,,,
还（副词）,HÁI,además / todavía,ADV,,,8,9,
还是,HÁISHI,o,CON,,,12,17,
孩子,HÁIZI,"niño, hijo",NOM,,,,,
害怕,HÀIPÀ,temer,VER,,,23sup,10,
汉语,HÀNYǓ,chino (idioma),NOM,,,4,21,
好,HǍO,"bien, bueno",ADJ,,,1,2,
好吃,HǍOCHĪ,"sabroso, delicioso, rico",ADJ,,,,,
号,HÀO,"número, fecha",NOM,,,5,18,
喝,HĒ,beber,VER,,,2,14,
和,HÉ,y,CON,,,8,4,
黑,HĒI,"negro, oscuro",ADJ,,,17,19,
黑板,HĒIBǍN,pizarrón,NOM,,,,,
很,HĚN,muy,ADV,,,1,5,
红,HÓNG,rojo,ADJ,,,9,30,
后面,HÒUMIÀN,"atrás, detrás, futuro",NOM,,,,,
护照,HÙZHÀO,pasaporte,NOM,,,18,23,
后来,HÒULÁI,,,,,,,
花（名词）,HUĀ,flor,NOM,,,,,
花（动词）,HUĀ,"invertir tiempo, gastar dinero",VER,,,,,
画,HUÀ,pintar,VER,"cuadro, pintura",NOM,19,2,
坏,HUÀI,"malo, dañino",ADJ,,,,,
欢迎,HUĀNYÍNG,"recibir a alguien, saludar a alguien",VER,,,,,
还（动词）,HUÁN,"devolver algo, retornar",VER,,,16,37,
环境,HUÁNJÌNG,"ambiente, condición, circunstancias",NOM,,,,,
换,HUÀN,"cambiar, intercambiar, convertir",VER,cambio,NOM,15,7,
黄河,HUÁNGHÉ,Río Amarillo,NP,,,,,
回,HUÍ,volver,VER,,,11,7,
回答,HUÍDÁ,responder,VER,respuesta,NOM,,,
会,HUÌ,saber hacer algo (habilidad aprendida),VAUX,reunión,NOM,11,1,
会议,HUÌYÌ,"reunión, conferencia, congreso",NOM,,,,,
火车站,HUǑCHĒZHÀN,estación de tren,NOM,,,,,
或者,HUÒZHĚ,o,CON,,,20,17,
机场,JĪCHǍNG,aeropuerto,NOM,,,,,
鸡蛋,JĪDÀN,huevo (de gallina),NOM,,,,,
几乎,JĪHŪ,"casi, prácticamente",ADV,,,,,
机会,JĪHUÌ,"chance, oportunidad",NOM,,,,,
极,JÍ,extremo,NOM,,,,,
几,JǏ,"cuántos, cuánto",PI,algunos,NUM,8,2,
记得,JÌDE,recordar,V+O,,,,,
季节,JÌJIÉ,temporada,NOM,,,,,
家,JIĀ,"familia, hogar",NOM,,,8,1,
检查,JIǍNCHÁ,"chequear, revisar, examinar",VER,,,,,
简单,JIǍNDĀN,"simple, sencillo",ADJ,,,22,48,
件,JIÀN,"clas. para pieza de ropa, parte",CLA,,,13,6,
健康,JIÀNKĀNG,saludable,ADJ,"salud, físico",NOM,,,
见面,JIÀNMIÀN,"encontrarse, verse",V+O,,,,,
讲,JIǍNG,"hablar, decir, contar (una historia, cuento)",VER,"discurso, conferencia",NOM,22,17,
教,JIĀO,enseñar,VER,,,11,9,
角,JIǍO,cuerno,NOM,,,,,
脚,JIǍO,pie,NOM,,,,,
叫,JIÀO,"llamarse, llamar, gritar, ordenar",VER,,,4,12,
教室,JIÀOSHÌ,"salón de clase, aula",NOM,,,,,
接,JIĒ,"recoger, agarrar",VER,,,,,
街道,JIĒDÀO,"calle, camino",NOM,,,,,
结婚,JIÉHŪN,"casarse, estar casado",VER,,,,,
结束,JIÉSHÙ,"terminar, finalizar, cerrar",VER,,,,,
节目,JIÉMÙ,"programa, item (de un programa)",NOM,,,,,
节日,JIÉRÌ,festival,NOM,,,,,
姐姐,JIĚJIE,hermana mayor,NOM,,,8,6,
解决,JIĚJUÉ,"resolver, arreglar",VER,,,,,
借,JIÈ,tomar prestado / prestar,VER,,,16,13,
介绍,JIÈSHÀO,"presentar, recomendar, sugerir",VER,introducción,NOM,7,8,
今天,JĪNTIĀN,hoy,NOM,,,6,7,
进,JÌN,"entrar, avanzar",VER,,,,,
近,JÌN,cercano,ADJ,"acercarse, estar cerca de",VER,21,44,
经常,JĪNGCHÁNG,diario,ADJ,"a menudo, regularmente",ADV,,,
经过,JĪNGGUÒ,"pasar, atravesar, pasar por",VER,,,18,32,
经理,JĪNGLǏ,"gerente, director",NOM,administrar,VER,13,32,
九,JIǓ,nueve,NUM,,,,,
久,JIǓ,largo (tiempo),ADJ,,,16,29,
旧,JIÙ,"viejo, pasado, usado",ADJ,,,18,8,
就,JIÙ,"con exactitud, exactamente / ahora mismo",ADV,,,15,41,
句子,JÙZI,,,,,,,
觉得,JUÉDE,"sentir, pensar",VER,,,17,34,
决定,JUÉDÌNG,,,,,,,
咖啡,KĀFĒI,café,NOM,,,2,12,
开,KĀI,"empezar, abrir, conducir",VER,abierto,ADJ,7,2,
开始,KĀISHǏ,empezar,VER,,,17,14,
看,KÀN,"mirar, ver",VER,,,7,3,
看见,KÀNJIÀN,,,,,,,
考试,KǍOSHÌ,hacer un examen,VER,examen,NOM,16,30,
渴,KĚ,sediento,ADJ,sed,NOM,23sup,6,
可爱,KĚÀI,"adorable, agradable / precioso",ADJ,,,8,16,
可能,KĚNÉNG,"quizás, puede que",VAUX,,,13,33,
可以,KĚYǏ,"poder, puede que",VAUX,,,4,4,
刻,KÈ,un cuarto (de hora),CLA,trimestre,NOM,11,6,
课,KÈ,clase / lección,NOM,,,9,4,
客人,KÈRÉN,,,,,,,
空调,KŌNGTIÁO,,,,,,,
口,KǑU,boca,NOM,,,8,28,
哭,KŪ,llorar,VER,,,22sup,13,
裤子,KÙZI,,,,,,,
块,KUÀI,clas. para unidades básicas de moneda china (oral),CLA,,,10,20,
快,KUÀI,rápido,ADJ,,,15,34,
快乐,KUÀILÈ,feliz,ADJ,,,9,35,
筷子,KUÀIZI,,,,,,,
来,LÁI,,,,,,,
蓝,LÁN,,,,,,,
老,LǍO,"viejo, mayor, con experiencia",ADJ,,,19,10,
老师,LǍOSHĪ,profesor/a,NOM,,,3,8,
了,LE,partícula de aspecto,PT,,,5,22,
累,LÈI,cansado,ADJ,,,23,44,
冷,LĚNG,frío,ADJ,,,12,19,
离,LÍ,separar,PRE,,,21,37,
离开,LÍKĀI,"dejar, irse, alejarse de",VER,,,21,39,
里,LǏ,,,,,,,
礼物,LǏWÙ,regalo,NOM,,,14,38,
历史,LÌSHǏ,,,,,,,
脸,LIǍN,,,,,,,
练习,LIÀNXÍ,practicar,VER,ejercicio (en un libro),NOM,14,32,
两,LIǍNG,dos,NUM,,,8,7,
辆,LIÀNG,clas. de vehículos (terrestres),CLA,,,20sup,3,
聊天,LIÁOTIĀN,,,,,,,
了解,LIǍOJIĚ,,,,,,,
邻居,LÍNJŪ,,,,,,,
零,LÍNG,cero,NUM,,,5,16,
六,LIÙ,seis,,,,,,
留学,LIÚXUÉ,,,,,,,
楼,LÓU,edificio / piso,NOM,,,14,23,
路,LÙ,línea (de autobús) / camino,NOM,,,18,27,
旅游,LǙYÓU,,,,,,,
绿,LǛ,verde,ADJ,,,17,28,
妈妈,MĀMA,madre,NOM,,,2,3,
马,MǍ,caballo,NOM,,,9,17,
马上,MǍSHÀNG,,,,,,,
吗,MA,partícula interrogativa para preguntas que esperan la respuesta sí/no,PI,,,1,3,
买,MǍI,comprar,VER,,,9,28,
卖,MÀI,vender,VER,,,17,3,
满意,MǍNYÌ,,,,,,,
慢,MÀN,"lento, lentamente",ADJ,,,16,20,
忙,MÁNG,ocupado,ADJ,,,2,1,
猫,MĀO,,,,,,,
帽子,MÀOZI,,,,,,,
没有,MÉIYǑU,no tener,VER,,,,,
没关系,MÉIGUĀNXI,"no importa, no hay problema",FH,,,5,10,
每,MĚI,cada,PRO,,,12,5,
妹妹,MÈIMEI,hermana menor,NOM,,,8,10,
门,MÉN,"puerta, entrada",NOM,,,18,26,
米,MǏ,metro,CLA,arroz,NOM,21,52,
米饭,MǏFÀN,,,,,,,
面包,MIÀNBĀO,,,,,,,
面条,MIÀNTIÁO,,,,,,,
明白,MÍNGBAI,,,,,,,
明天,MÍNGTIĀN,mañana,NOM,,,6,13,
名字,MÍNGZI,nombre,NOM,,,7,9,
拿,NÁ,agarrar,VER,,,16,19,
哪,NǍ,"cuál, de qué",PI,,,3,3,
哪儿,NǍR,dónde,PI,,,5,3,
那,NÀ,"ese/esa, aquel/aquella",PRO,,,3,6,
奶奶,NǍINAI,abuela paterna,NOM,,,3,14,
南,NÁN,,,,,,,
男,NÁN,hombre,NOM,masculino,ADJ,2,8,
难,NÁN,"difícil, complicado, duro",ADJ,,,22,46,
难过,NÁNGUÒ,,,,,,,
呢,NE,partícula modal para preguntas elípticas,PT,,,1,6,
能,NÉNG,poder hacer algo (habilidad física o posiblidad de hacerlo),VAUX,,,11,10,
你,NǏ,tú,PRO,,,1,1,
年,NIÁN,año,NOM,,,9,2,
年级,NIÁNJÍ,"año, grado",NOM,,,24,20,
年轻,NIÁNQĪNG,joven,ADJ,,,15,37,
鸟,NIǍO,,,,,,,
您,NÍN,usted,PRO,,,3,10,
牛奶,NIÚNǍI,,,,,,,
努力,NǓLI,,,,,,,
女儿,NǙ'ÉR,hija,NOM,,,11,15,
女,NǙ,mujer,NOM,femenino,ADJ,5,5,
爬山,PÁSHĀN,,,,,,,
盘子,PÁNZI,,,,,,,
旁边,PÁNGBIĀN,al lado,NOM,,,20,43,
胖,PÀNG,,,,,,,
跑步,PǍOBÙ,,,,,,,
朋友,PÉNGYOU,amigo,NOM,,,2,9,
啤酒,PÍJIǓ,,,,,,,
便宜,PIÁNYI,barato,ADJ,,,17,22,
票,PIÀO,"boleto, entrada",NOM,,,18,37,
漂亮,PIÀOLIANG,guapa (chica) / bonito (cosas),ADJ,,,9,36,
苹果,PÍNGGUǑ,manzana,NOM,,,10,15,
皮鞋,PÍXIÉ,,,,,,,
瓶子,PÍNGZI,,,,,,,
七,QĪ,siete,,,,,,
妻子,QĪZI,,,,,,,
其实,QÍSHÍ,,,,,,,
其他,QÍTĀ,,,,,,,
骑,QÍ,,,,,,,
奇怪,QÍGUÀI,,,,,,,
起床,QǏCHUÁNG,levantarse,V+O,,,11,33,
千,QIĀN,mil,NUM,,,15,26,
铅笔,QIĀNBǏ,,,,,,,
钱,QIÁN,dinero,NOM,,,10,19,
前面,QIÁNMIÀN,,,,,,,
起飞,QǏFĒI,,,,,,,
起来,QǏLÁI,,,,,,,
清楚,QĪNGCHU,,,,,,,
晴,QÍNG,,,,,,,
请,QǏNG,"por favor, invitar, solicitar, pedir",VER,,,4,7,
请假,QǏNGJIÀ,,,,,,,
秋,QIŪ,,,,,,,
去,QÙ,ir,VER,,,6,1,
去年,QÙNIÁN,año pasado,NOM,,,21,21,
裙子,QÚNZI,,,,,,,
然后,RÁNHÒU,,,,,,,
让,RÀNG,"permitir, dejar, pedir",VER,,,13,28,
热,RÈ,calor,NOM,caliente,ADJ,20,13,
热情,RÈQÍNG,,,,,,,
人,RÉN,"persona, gente",NOM,,,3,5,
认识,RÈNSHI,"conocer (a alguien), reconocer (a alguien)",VER,,,4,1,
认为,RÈNWÉI,,,,,,,
认真,RÈNZHĒN,,,,,,,
日,RÌ,,,,,,,
容易,RÓNGYÌ,"fácil, accesible",ADJ,,,22,47,
如果,RÚGUǑ,,,,,,,
三,SĀN,tres,,,,,,
伞,SǍN,,,,,,,
商店,SHĀNGDIÀN,tienda,NOM,,,17,8,
上,SHÀNG,encima / pasado / arriba / última / anterior,NOM,subir / asistir (a clase o trabajo),VER,9,7,
上班,SHÀNGBĀN,,,,,,,
上网,SHÀNGWǍNG,,,,,,,
上午,SHÀNGWǓ,por la mañana,NOM,,,9,6,
少,SHǍO,poco,ADJ,,,8,24,
谁,SHÉI,quién,PI,,,3,7,
身体,SHĒNTǏ,"cuerpo, salud",NOM,,,12,14,
什么,SHÉNME,qué,PI,,,4,19,
生病,SHĒNGBÌNG,,,,,,,
生气,SHĒNGQÌ,,,,,,,
生日,SHĒNGRÌ,cumpleaños,NOM,,,9,11,
声音,SHĒNGYĪN,,,,,,,
十,SHÍ,diez,,,,,,
时候,SHÍHOU,tiempo (momento),NOM,,,6,11,
时间,SHÍJIĀN,tiempo,NOM,,,6,15,
是,SHÌ,"ser, estar",VER,,,3,2,
世界,SHÌJIÈ,,,,,,,
试,SHÌ,,,,,,,
事情,SHÌQING,,,,,,,
手表,SHǑUBIǍO,reloj de pulsera,NOM,,,11sup,12,
手机,SHǑUJĪ,,,,,,,
瘦,SHÒU,,,,,,,
书,SHŪ,libro,NOM,,,10,8,
舒服,SHŪFU,"cómodo, bien",ADJ,,,12,4,
叔叔,SHŪSHU,,,,,,,
树,SHÙ,árbol,NOM,,,23sup,12,
数学,SHÙXUÉ,,,,,,,
刷牙,SHUĀYÁ,,,,,,,
双,SHUĀNG,,,,,,,
水,SHUǏ,agua,NOM,,,12,31,
水果,SHUǏGUǑ,fruta,NOM,,,24,7,
水平,SHUǏPÍNG,nivel,NOM,,,21,19,
睡觉,SHUÌJIÀO,"dormir, ir a la cama",V+O,,,11,31,
说,SHUŌ,"hablar, decir",VER,,,6,16,
说话,SHŪOHUÀ,,,,,,,
司机,SĪJĪ,"conductor, chofer",NOM,,,11,3,
四,SÌ,cuatro,NUM,,,5,17,
送,SÒNG,regalar,VER,,,10,24,
虽然……但是……,SUĪRÁN…DÀNSHÌ,"aunque… pero, mientras, todavía, aún, sin embargo",CON,,,,,
岁,SUÌ,año (edad),CLA,,,9,3,
他,TĀ,"él, a él",PRO,,,2,4,
她,TĀ,"ella, su",PRO,,,3,1,
它,TĀ,él (para animales) / eso (para cosas),PRO,,,19,36,
太,TÀI,demasiado,ADV,,,6,10,
太阳,TÀIYÁNG,,,,,,,
特别,TÈBIÉ,"especial, particular",ADJ,,,22,34,
疼,TÉNG,doloroso,ADJ,,,12,8,
踢足球,TĪZÚQIÚ,,,,,,,
题,TÍ,,,,,,,
提高,TÍGĀO,"mejorar, aumentar, elevar",VER,,,21,24,
体育,TǏYÙ,,,,,,,
天气,TIĀNQÌ,tiempo (atmosférico),NOM,,,6,9,
甜,TIÁN,,,,,,,
条,TIÁO,clas. para cosas largas,CLA,,,23,45,
跳舞,TIÀOWǓ,bailar,V+O,,,11sup,8,
听,TĪNG,escuchar,VER,,,13,3,
同事,TÓNGSHÌ,compañero de trabajo,NOM,,,21,15,
同学,TÓNGXUÉ,compañero de clase,NOM,,,21,14,
同意,TÓNGYÌ,,,,,,,
头发,TÓUFA,,,,,,,
突然,TŪRÁN,,,,,,,
图书馆,TÚSHŪGUǍN,biblioteca,NOM,,,16,3,
腿,TUǏ,,,,,,,
外,WÀI,,,,,,,
完,WÁN,terminar,VER,,,20sup,12,
完成,WÁNCHÉNG,,,,,,,
玩,WÁN,"pasarlo bien, jugar",VER,,,,,
碗,WǍN,,,,,,,
晚上,WǍNSHANG,noche,NOM,,,11,26,
万,WÀN,diez mil,,,,,,
往,WǍNG,hacia,PRE,,,18,10,
忘记,WÀNGJÌ,,,,,,,
喂（叹词）,WÈI,hola,INT,,,,,
为,WÈI,para,PRE,,,11,22,
为了,WÈILE,,,,,,,
为什么,WÈISHÉNME,¿por qué? / ¿para qué?,PI,,,10,30,
位,WÈI,clasificador personas (manera educada),CLA,,,13,31,
文化,WÉNHUÀ,cultura,NOM,,,24,37,
问,WÈN,preguntar,VER,,,4,8,
问题,WÈNTÍ,"pregunta, problema",NOM,,,11,38,
我,WǑ,"yo, mi, me",PRO,,,1,4,
我们,WǑMEN,,,,,,,
五,WǓ,cinco,,,,,,
西,XĪ,oeste,NOM,occidental,ADJ,12,36,
西瓜,XĪGUĀ,,,,,,,
希望,XĪWÀNG,,,,,,,
习惯,XÍGUÀN,estar acostumbrado,VER,"costumbre, hábito",NOM,20,32,
洗,XǏ,lavar,VER,,,14,13,
洗手间,XǏSHǑUJIĀN,,,,,,,
洗澡,XǏZǍO,,,,,,,
喜欢,XǏHUAN,"gustar, preferir",VER,,,8,25,
下,XIÀ,debajo / próximo / abajo / siguiente,NOM,bajar,VER,9,9,
下午,XIÀWǓ,por la tarde,NOM,,,9,8,
下雨,XIÀYǓ,llover,V+O,,,23,52,
夏,XIÀ,,,,,,,
先,XIĀN,primero / antes,ADV,,,16,11,
先生,XIĀNSHENG,señor,NOM,,,4,13,
现在,XIÀNZÀI,ahora,NOM,ahora,ADV,6,12,
香蕉,XIĀNGJIĀO,plátano,NOM,,,10,14,
相信,XIĀNGXÌN,,,,,,,
想,XIǍNG,"querer hacer, tener ganas de hacer, creer",VAUX,,,12,10,
向,XIÀNG,"hacia, a",PRE,,,24,17,
像,XIÀNG,parecer,VER,,,24,18,
小,XIǍO,"pequeño, menor",ADJ,,,8,11,
小姐,XIǍOJIĚ,"señorita, chica joven",NOM,,,5,13,
小时,XIǍOSHÍ,hora,NOM,,,17,25,
小心,XIǍOXĪN,,,,,,,
笑,XIÀO,"reír, sonreír",VER,,,22sup,14,
校长,XIÀOZHǍNG,,,,,,,
些,XIĒ,alguno(s),CLA,,,18,5,
写,XIĚ,escribir,VER,,,11,28,
谢谢,XIÈXIÈ,dar las gracias,VER,,,5,7,
新,XĪN,nuevo,ADJ,,,16,34,
新闻,XĪNWÉN,,,,,,,
新鲜,XĪNXIĀN,,,,,,,
信用卡,XÌNYÒNGKǍ,,,,,,,
星期,XĪNGQĪ,semana,NOM,,,9,5,
行李箱,XÍNGLIXIĀNG,,,,,,,
姓,XÌNG,apellido,NOM,apellidar,VER,4,11,
熊猫,XIÓNGMĀO,oso panda,NOM,,,23sup,9,
休息,XIŪXI,descansar,VER,descanso,NOM,12,22,
需要,XŪYÀO,,,,,,,
选择,XUǍNZÉ,,,,,,,
学生,XUÉSHENG,estudiante,NOM,,,4,18,
学习,XUÉXÍ,"estudiar, aprender",VER,,,4,20,
学校,XUÉXIÀO,"escuela, institución educativa",NOM,,,21,18,
雪,XUĚ,,,,,,,
颜色,YÁNSÈ,color,NOM,,,17,18,
眼睛,YǍNJING,,,,,,,
羊肉,YÁNGRÒU,,,,,,,
要求,YĀOQIÚ,,,,,,,
药,YÀO,medicina,NOM,,,12,32,
要,YÀO,"deber, querer hacer algo",VAUX,,,12,15,
爷爷,YÉYE,,,,,,,
也,YĚ,"también, además",ADV,,,1,7,
一,YĪ,uno,NUM,,,6,17,
衣服,YĪFU,ropa,NOM,,,12,21,
医生,YĪSHĒNG,médico,NOM,,,3,13,
医院,YĪYUÀN,hospital,NOM,,,12,11,
一定,YÍDÌNG,"deber, seguramente",ADV,,,17,12,
一点儿,YĪDIǍNR,un poco,NOM,,,,,
一共,YÍGÒNG,en total,ADV,,,8,8,
一会儿,YÍHUÌR,un rato,OTR,,,16,15,
一样,YÍYÀNG,mismo,ADJ,,,19,6,
一下,YÍXIÀ,"(se utiliza después de un verbo para indicar una acción rápida, breve, aleatoria, informal)",OTR,,,7,4,
以前,YǏQIÁN,"antes, previamente, antiguamente",NOM,,,22,37,
已经,YǏJĪNG,ya,ADV,,,17,7,
椅子,YǏZI,,,,,,,
一般,YÌBĀN,,,,,,,
一边,YÌBIĀN,,,,,,,
一起,YÌQǏ,juntos,ADV,,,12,18,
一直,YÌZHÍ,,,,,,,
意思,YÌSI,,,,,,,
阴,YĪN,,,,,,,
因为……所以…… ,YĪNWÈI…SUǑYǏ,"porque… así, por eso",CON,,,,,
音乐,YĪNYUÈ,música,NOM,,,10,29,
银行,YÍNHÁNG,banco,NOM,,,15,2,
饮料,YǏNLIÀO,,,,,,,
应该,YĪNGGĀI,debería,VAUX,,,11,36,
影响,YǏNGXIǍNG,,,,,,,
用,YÒNG,utilizar,VER,,,15,12,
游戏,YÓUXÌ,,,,,,,
游泳,YÓUYǑNG,nadar,V+O,,,6,2,
有,YǑU,tener,VER,,,6,14,
有名,YǑUMÍNG,famoso,ADJ,,,10,7,
又,YÒU,"de nuevo, otra vez",ADV,,,20,49,
右边,YÒUBIAN,lado derecho,NOM,,,21,28,
鱼,YÚ,,,,,,,
遇到,YÙDÀO,,,,,,,
元,YUÁN,clasificador para unidades básicas de moneda china (escrito),CLA,,,10,27,
远,YUǍN,lejano,ADJ,,,21,43,
愿意,YUÀNYÌ,estar dispuesto a hacer algo,VAUX,,,12,33,
月,YUÈ,mes / luna,NOM,,,9,41,
月亮,YUÈLIANG,,,,,,,
越,YUÈ,,,,,,,
运动,YÙNDÒNG,,,,,,,
在,ZÀI,estar,VER,en,PRE,5,2,
再,ZÀI,otra vez,ADV,,,5,12,
再见,ZÀIJIÀN,¡hasta luego!,FH,,,5,11,
早上,ZǍOSHANG,,,,,,,
怎么,ZĚNME,"cómo, por qué",PI,,,10,16,
怎么样,ZĚNMEYÀNG,¿Qué tal? / ¿Cómo?,PI,,,6,5,
站,ZHÀN,"estación, parada",NOM,,,18,41,
张,ZHĀNG,clasificador para objetos planos,CLA,,,8,14,
长（动词）,ZHǍNG,,,,,,,
丈夫,ZHÀNGFU,,,,,,,
着急,ZHÁOJÍ,estar nervioso/ansioso,V+O,"nervioso, ansioso",ADJ,20,50,
找,ZHǍO,dar cambio / buscar,VER,,,10,26,
照顾,ZHÀOGÙ,,,,,,,
照片,ZHÀOPIÀN,fotografía,NOM,,,8,3,
照相机,ZHÀOXIÀNGJĪ,cámara de fotos,NOM,,,20,40,
这,ZHÈ,"éste, ésta, esto",PRO,,,3,11,
着,ZHE,,,,,,,
真,ZHĒN,realmente,ADV,real / verdadero,ADJ,8,15,
正在,ZHÈNGZÀI,en proceso de,ADV,,,24,8,
知道,ZHĪDÀO,saber,VER,,,5,9,
只（量词）,ZHĪ,"clas. para botes, aves, algunos animales, uno de un par",CLA,,,,,
只（副词）,ZHǏ,solamente,ADV,,,19,32,
只有……才……,ZHǏYǑU…CÁI,,,,,,,
中国,ZHŌNGGUÓ,China,NP,,,3,9,
中间,ZHŌNGJIĀN,,,,,,,
中文,ZHŌNGWÉN,chino (idioma),NOM,,,7,10,
中午,ZHŌNGWǓ,mediodía,NOM,,,14,1,
终于,ZHŌNGYÚ,,,,,,,
种（量词）,ZHǑNG,"especie, clase, tipo",CLA,,,22,41,
重要,ZHÒNGYÀO,,,,,,,
周末,ZHŌUMŌ,,,,,,,
主要,ZHǓYÀO,principal,ADJ,,,19,27,
住,ZHÙ,"vivir, residir",VER,,,14,22,
注意,ZHÙYÌ,,,,,,,
准备,ZHǓNBÈI,,,,,,,
桌子,ZHUŌZI,,,,,,,
字,ZÌ,"carácter, palabra",NOM,,,11,30,
自己,ZÌJǏ,"uno mismo, propio",PRO,,,16,23,
自行车,ZÌXÍNGCHĒ,,,,,,,
总是,ZǑNGSHÌ,,,,,,,
嘴,ZUǏ,,,,,,,
走,ZǑU,"caminar, ir, andar",VER,,,17,24,
最,ZUÌ,extremo (máximo o mínimo),ADV,,,20sup,9,
最后,ZUÌHÒU,,,,,,,
最近,ZUÌJÌN,,,,,,,
昨天,ZUÓTIĀN,ayer,NOM,,,6,3,
左边,ZUǑBIAN,lado izquierdo,NOM,,,21,27,
坐,ZUÒ,sentarse,VER,,,5,6,
做,ZUÒ,hacer,VER,,,8,19,
作业,ZUÒYÉ,,,,,,,
表示,BIǍOSHÌ,expresión,NOM,"expresar, indicar",VER,,,XXX
表演,BIǍOYǍN,actuar,VER,actuación,NOM,,,XXX
出现,CHŪXIÀN,aparecer,VER,,,,,XXX
厨房,CHÚFÁNG,cocina,NOM,,,13,19,XXX
词语,CÍYǓ,"términos, palabras y expresiones",NOM,,,,,XXX
低,DĪ,bajo,ADJ,,,23,6,XXX
饭馆,FÀNGUǍN,restaurante,NOM,,,20,5,XXX
敢,GǍN,atreverse a,VER,,,,,XXX
果汁,GUǑZHĪ,jugo de fruta,NOM,,,,,XXX
花园,HUĀYUÁN,jardín,NOM,,,21,46,XXX
举行,JǓXÍNG,,,,,,,XXX
葡萄,PÚTÁO,uva,NOM,,,9,32,XXX
普通话,PǓTŌNGHUÀ,lengua común (mandarín),NOM,,,15,36,XXX
使,SHǏ,,,,,,,XXX
糖,TÁNG,,,,,,,XXX
相同,XIĀNGTÓNG,,,,,,,XXX
信,XÌN,carta,NOM,,,15,22,XXX
眼镜,YǍNJÌNG,,,,,,,XXX
以后,YǏHÒU,"después, más tarde",NOM,,,21,23,XXX
以为,YǏWÉI,,,,,,,XXX
云,YÚN,,,,,,,XXX
祝,ZHÙ,"desear, felicitar",VER,deseo,NOM,9,21,XXX
作用,ZUÒYÒNG,,,,,,,XXX